Workbook

Sheet 複合型申請書
C2: 物品購入申請書 | F2: 申請日 | G2: =TODAY() -> 44687
F4: 担当者 | G4: 諏訪さくら
F5: 所 属 | G5: 調達１課
B7: 物品合計金額 | D7: =F42 -> 249800
A10: 商 品 名 | D10: 単 価 | E10: 数 量 | F10: 金 額 | G10: 備 考
A11: ノートPC | D11: 98000 | E11: 2 | F11: =D11*E11 -> 196000
A12: ノートPCアダプタ | D12: 12000 | E12: 2 | F12: =D12*E12 -> 24000
A13: ディスプレイ | D13: 27000 | E13: 1 | F13: =D13*E13 -> 27000
A14: アイテム | D14: 100 | E14: 1 | F14: =D14*E14 -> 100
A15: アイテム | D15: 100 | E15: 1 | F15: =D15*E15 -> 100
A16: アイテム | D16: 100 | E16: 1 | F16: =D16*E16 -> 100
A17: アイテム | D17: 100 | E17: 1 | F17: =D17*E17 -> 100
A18: アイテム | D18: 100 | E18: 1 | F18: =D18*E18 -> 100
A19: アイテム | D19: 100 | E19: 1 | F19: =D19*E19 -> 100
A20: アイテム | D20: 100 | E20: 1 | F20: =D20*E20 -> 100
A21: アイテム | D21: 100 | E21: 1 | F21: =D21*E21 -> 100
A22: アイテム | D22: 100 | E22: 1 | F22: =D22*E22 -> 100
... A41: アイテム | D41: 100 | E41: 1 | F41: =D41*E41 -> 100
A42: 合計 | F42: =SUM(F11:F41) -> 249800
A45: コメント：

Sheet 変換版
A1: 申請日 | B1: =複合型申請書!F4 -> 担当者 | C1: =複合型申請書!F5 -> 所 属 | D1: =複合型申請書!A10 -> 商 品 名 | E1: =複合型申請書!D10 -> 単 価 | F1: =複合型申請書!E10 -> 数 量 | G1: =複合型申請書!F10 -> 金 額
A2: =複合型申請書!$G$2 -> 44687 | B2: =複合型申請書!$G$4 -> 諏訪さくら | C2: =複合型申請書!$G$5 -> 調達１課 | D2: =複合型申請書!A11 -> ノートPC | E2: =複合型申請書!D11 -> 98000 | F2: =複合型申請書!E11 -> 2 | G2: =複合型申請書!F11 -> 196000
A3: =複合型申請書!$G$2 -> 44687 | B3: =複合型申請書!$G$4 -> 諏訪さくら | C3: =複合型申請書!$G$5 -> 調達１課 | D3: =複合型申請書!A12 -> ノートPCアダプタ | E3: =複合型申請書!D12 -> 12000 | F3: =複合型申請書!E12 -> 2 | G3: =複合型申請書!F12 -> 24000
A4: =複合型申請書!$G$2 -> 44687 | B4: =複合型申請書!$G$4 -> 諏訪さくら | C4: =複合型申請書!$G$5 -> 調達１課 | D4: =複合型申請書!A13 -> ディスプレイ | E4: =複合型申請書!D13 -> 27000 | F4: =複合型申請書!E13 -> 1 | G4: =複合型申請書!F13 -> 27000
A5: =複合型申請書!$G$2 -> 44687 | B5: =複合型申請書!$G$4 -> 諏訪さくら | C5: =複合型申請書!$G$5 -> 調達１課 | D5: =複合型申請書!A14 -> アイテム | E5: =複合型申請書!D14 -> 100 | F5: =複合型申請書!E14 -> 1 | G5: =複合型申請書!F14 -> 100
A6: =複合型申請書!$G$2 -> 44687 | B6: =複合型申請書!$G$4 -> 諏訪さくら | C6: =複合型申請書!$G$5 -> 調達１課 | D6: =複合型申請書!A15 -> アイテム | E6: =複合型申請書!D15 -> 100 | F6: =複合型申請書!E15 -> 1 | G6: =複合型申請書!F15 -> 100
A7: =複合型申請書!$G$2 -> 44687 | B7: =複合型申請書!$G$4 -> 諏訪さくら | C7: =複合型申請書!$G$5 -> 調達１課 | D7: =複合型申請書!A16 -> アイテム | E7: =複合型申請書!D16 -> 100 | F7: =複合型申請書!E16 -> 1 | G7: =複合型申請書!F16 -> 100
A8: =複合型申請書!$G$2 -> 44687 | B8: =複合型申請書!$G$4 -> 諏訪さくら | C8: =複合型申請書!$G$5 -> 調達１課 | D8: =複合型申請書!A17 -> アイテム | E8: =複合型申請書!D17 -> 100 | F8: =複合型申請書!E17 -> 1 | G8: =複合型申請書!F17 -> 100
A9: =複合型申請書!$G$2 -> 44687 | B9: =複合型申請書!$G$4 -> 諏訪さくら | C9: =複合型申請書!$G$5 -> 調達１課 | D9: =複合型申請書!A18 -> アイテム | E9: =複合型申請書!D18 -> 100 | F9: =複合型申請書!E18 -> 1 | G9: =複合型申請書!F18 -> 100
A10: =複合型申請書!$G$2 -> 44687 | B10: =複合型申請書!$G$4 -> 諏訪さくら | C10: =複合型申請書!$G$5 -> 調達１課 | D10: =複合型申請書!A19 -> アイテム | E10: =複合型申請書!D19 -> 100 | F10: =複合型申請書!E19 -> 1 | G10: =複合型申請書!F19 -> 100
A11: =複合型申請書!$G$2 -> 44687 | B11: =複合型申請書!$G$4 -> 諏訪さくら | C11: =複合型申請書!$G$5 -> 調達１課 | D11: =複合型申請書!A20 -> アイテム | E11: =複合型申請書!D20 -> 100 | F11: =複合型申請書!E20 -> 1 | G11: =複合型申請書!F20 -> 100
A12: =複合型申請書!$G$2 -> 44687 | B12: =複合型申請書!$G$4 -> 諏訪さくら | C12: =複合型申請書!$G$5 -> 調達１課 | D12: =複合型申請書!A21 -> アイテム | E12: =複合型申請書!D21 -> 100 | F12: =複合型申請書!E21 -> 1 | G12: =複合型申請書!F21 -> 100
A13: =複合型申請書!$G$2 -> 44687 | B13: =複合型申請書!$G$4 -> 諏訪さくら | C13: =複合型申請書!$G$5 -> 調達１課 | D13: =複合型申請書!A22 -> アイテム | E13: =複合型申請書!D22 -> 100 | F13: =複合型申請書!E22 -> 1 | G13: =複合型申請書!F22 -> 100
... A32: =複合型申請書!$G$2 -> 44687 | B32: =複合型申請書!$G$4 -> 諏訪さくら | C32: =複合型申請書!$G$5 -> 調達１課 | D32: =複合型申請書!A41 -> アイテム | E32: =複合型申請書!D41 -> 100 | F32: =複合型申請書!E41 -> 1 | G32: =複合型申請書!F41 -> 100

Sheet control
A1: worksheet_name | B1: cell_position | C1: key | D1: key_type | E1: primary-key | F1: description
A2: 変換版 | B2: A2+ | C2: apply_date | D2: text | F2: 申請日
A3: 変換版 | B3: B2+ | C3: user | D3: text | F3: 担当者
A4: 変換版 | B4: C2+ | C4: section | D4: text | F4: 所属
A5: 変換版 | B5: D2+ | C5: item_name | D5: text | F5: 商品名
A6: 変換版 | B6: E2+ | C6: cost | D6: integer | F6: 単価
A7: 変換版 | B7: F2+ | C7: quantity | D7: integer | F7: 数量
A8: 変換版 | B8: G2+ | C8: price | D8: integer | F8: 金額
